seq,event,receivedAtMs,gapMs
1,tick,685.725,
2,tick,1687.765,1002.039
3,tick,2689.222,1001.457
4,tick,3690.316,1001.094
5,tick,4689.858,999.541
6,tick,5691.292,1001.435
7,tick,6690.848,999.556
8,tick,7693.269,1002.422
9,tick,8694.281,1001.012
10,tick,9693.474,999.193
11,tick,10695.084,1001.611
12,tick,11696.394,1001.310
13,tick,12697.130,1000.736
14,tick,13697.764,1000.635
15,tick,14697.720,999.956
16,tick,15698.919,1001.199
17,tick,16699.647,1000.728
18,tick,17700.350,1000.703
19,tick,18701.151,1000.801
20,tick,19702.354,1001.203
21,tick,20703.953,1001.599
22,tick,21703.850,999.897
23,tick,22704.330,1000.480
24,tick,23705.389,1001.059
25,tick,24705.929,1000.540
26,tick,25707.003,1001.074
27,tick,26707.539,1000.536
28,tick,27709.716,1002.178
29,tick,28712.658,1002.942
30,tick,29711.980,999.322
31,tick,30713.646,1001.666
32,tick,31713.890,1000.244
33,tick,32715.492,1001.602
34,tick,33717.255,1001.763
35,tick,34718.500,1001.245
36,tick,35718.145,999.645
37,tick,36719.388,1001.243
38,tick,37719.259,999.871
39,tick,38721.220,1001.961
40,tick,39721.210,999.989
41,tick,40721.993,1000.784
42,tick,41722.906,1000.912
43,tick,42722.932,1000.026
44,tick,43724.556,1001.624
45,tick,44725.997,1001.441
46,tick,45726.430,1000.433
47,tick,46727.323,1000.893
48,tick,47727.616,1000.293
49,tick,48729.117,1001.502
50,tick,49729.475,1000.358
51,tick,50730.197,1000.722
52,tick,51729.900,999.703
53,tick,52731.950,1002.050
54,tick,53732.952,1001.002
55,tick,54732.870,999.918
56,tick,55735.901,1003.031
57,tick,56735.030,999.128
58,tick,57736.346,1001.316
59,tick,58739.041,1002.695
60,tick,59737.668,998.628
61,tick,60739.144,1001.476
62,tick,61740.676,1001.532
63,tick,62740.970,1000.294
64,tick,63742.969,1001.999
65,tick,64742.786,999.817
66,tick,65743.515,1000.729
67,tick,66743.755,1000.240
68,tick,67744.720,1000.965
69,tick,68746.352,1001.632
70,tick,69747.181,1000.828
71,tick,70747.885,1000.704
72,tick,71748.563,1000.678
73,tick,72749.142,1000.580
74,tick,73750.337,1001.195
75,tick,74750.753,1000.416
76,tick,75751.290,1000.537
77,tick,76752.615,1001.325
78,tick,77752.095,999.479
79,tick,78753.377,1001.282
80,tick,79755.160,1001.783
81,tick,80755.771,1000.611
82,tick,81755.911,1000.141
83,tick,82756.816,1000.905
84,tick,83757.296,1000.480
85,tick,84759.470,1002.174
86,tick,85760.142,1000.672
87,tick,86758.965,998.823
88,tick,87761.254,1002.289
89,tick,88762.851,1001.597
90,tick,89763.159,1000.308
91,tick,90763.081,999.922
92,tick,91763.745,1000.664
93,tick,92763.516,999.771
94,tick,93765.897,1002.381
95,tick,94766.773,1000.876
96,tick,95767.345,1000.571
97,tick,96768.001,1000.656
98,tick,97769.925,1001.925
99,tick,98770.813,1000.887
100,tick,99772.705,1001.893
101,tick,100772.860,1000.155
102,tick,101772.591,999.731
103,tick,102773.811,1001.220
104,tick,103774.704,1000.893
105,tick,104776.573,1001.869
106,tick,105776.944,1000.372
107,tick,106777.158,1000.214
108,tick,107777.776,1000.618
109,tick,108778.550,1000.774
110,tick,109780.359,1001.809
111,tick,110779.760,999.400
112,tick,111780.697,1000.938
113,tick,112782.147,1001.449
114,tick,113781.966,999.819
115,tick,114783.336,1001.370
116,tick,115782.867,999.532
117,tick,116783.577,1000.710
118,tick,117784.731,1001.153
119,tick,118786.183,1001.453
120,tick,119786.552,1000.369
121,tick,120786.607,1000.055
122,tick,121787.477,1000.870
123,tick,122788.121,1000.644
124,tick,123789.076,1000.956
125,tick,124789.364,1000.287
126,tick,125792.258,1002.894
127,tick,126793.451,1001.194
128,tick,127794.080,1000.628
129,tick,128794.083,1000.004
130,tick,129794.461,1000.378
131,tick,130795.963,1001.502
132,tick,131796.452,1000.489
133,tick,132798.070,1001.618
134,tick,133798.531,1000.461
135,tick,134799.991,1001.460
136,tick,135799.530,999.539
137,tick,136800.475,1000.945
138,tick,137801.023,1000.548
139,tick,138801.923,1000.900
140,tick,139803.623,1001.700
141,tick,140804.878,1001.255
142,tick,141806.471,1001.593
143,tick,142808.375,1001.903
144,tick,143809.012,1000.637
145,tick,144809.642,1000.630
146,tick,145810.976,1001.334
147,tick,146811.623,1000.647
148,tick,147811.683,1000.060
149,tick,148812.442,1000.759
150,tick,149814.264,1001.822
151,tick,150814.666,1000.402
152,tick,151814.673,1000.007
153,tick,152815.990,1001.317
154,tick,153816.792,1000.803
155,tick,154818.354,1001.562
156,tick,155818.373,1000.018
157,tick,156819.015,1000.642
158,tick,157820.467,1001.452
159,tick,158822.197,1001.729
160,tick,159823.166,1000.969
161,tick,160823.249,1000.083
162,tick,161824.354,1001.105
163,tick,162826.157,1001.804
164,tick,163826.614,1000.457
165,tick,164828.267,1001.653
166,tick,165829.275,1001.007
167,tick,166831.092,1001.817
168,tick,167831.306,1000.214
169,tick,168833.167,1001.861
170,tick,169832.674,999.507
171,tick,170832.138,999.464
172,tick,171833.594,1001.456
173,tick,172835.094,1001.500
174,tick,173835.123,1000.029
175,tick,174836.287,1001.164
176,tick,175837.788,1001.501
177,tick,176838.805,1001.017
178,tick,177838.503,999.698
179,tick,178839.771,1001.268
180,tick,179841.185,1001.414
181,tick,180840.543,999.358
182,tick,181841.343,1000.800
183,tick,182843.136,1001.793
184,tick,183843.395,1000.259
185,tick,184845.265,1001.871
186,tick,185844.750,999.485
187,tick,186845.172,1000.422
188,tick,187845.878,1000.705
189,tick,188847.495,1001.617
190,tick,189848.888,1001.393
191,tick,190848.617,999.729
192,tick,191848.657,1000.040
193,tick,192850.179,1001.522
194,tick,193850.830,1000.651
195,tick,194852.465,1001.635
196,tick,195853.877,1001.412
197,tick,196855.284,1001.407
198,tick,197856.943,1001.659
199,tick,198857.202,1000.260
200,tick,199859.335,1002.132
201,tick,200859.568,1000.233
202,tick,201861.433,1001.865
203,tick,202862.934,1001.501
204,tick,203863.553,1000.619
205,tick,204864.996,1001.443
206,tick,205864.668,999.672
207,tick,206865.553,1000.886
208,tick,207867.174,1001.621
209,tick,208867.967,1000.793
210,tick,209867.953,999.986
211,tick,210868.646,1000.693
212,tick,211869.451,1000.806
213,tick,212870.885,1001.434
214,tick,213872.085,1001.200
215,tick,214872.753,1000.667
216,tick,215873.313,1000.560
217,tick,216874.900,1001.588
218,tick,217875.409,1000.508
219,tick,218877.235,1001.827
220,tick,219876.585,999.349
221,tick,220877.338,1000.753
222,tick,221878.880,1001.542
223,tick,222879.618,1000.738
224,tick,223881.021,1001.403
225,tick,224881.193,1000.172
226,tick,225881.849,1000.655
227,tick,226882.409,1000.561
228,tick,227883.807,1001.398
229,tick,228885.136,1001.328
230,tick,229885.565,1000.429
231,tick,230885.687,1000.122
232,tick,231887.022,1001.335
233,tick,232887.127,1000.105
234,tick,233887.487,1000.360
235,tick,234889.503,1002.015
236,tick,235890.560,1001.058
237,tick,236892.067,1001.507
238,tick,237892.512,1000.445
239,tick,238894.194,1001.681
240,tick,239894.801,1000.608
241,tick,240895.869,1001.068
242,tick,241895.867,999.998
243,tick,242897.878,1002.011
244,tick,243899.240,1001.362
245,tick,244900.884,1001.645
246,tick,245901.264,1000.379
247,tick,246902.852,1001.588
248,tick,247902.570,999.718
249,tick,248903.826,1001.256
250,tick,249904.672,1000.846
251,tick,250906.092,1001.420
252,tick,251906.211,1000.119
253,tick,252907.282,1001.070
254,tick,253908.119,1000.837
255,tick,254909.785,1001.667
256,tick,255908.623,998.837
257,tick,256909.812,1001.190
258,tick,257909.750,999.937
259,tick,258909.885,1000.135
260,tick,259911.741,1001.856
261,tick,260913.183,1001.442
262,tick,261913.041,999.858
263,tick,262913.407,1000.366
264,tick,263914.989,1001.582
265,tick,264915.304,1000.315
266,tick,265916.959,1001.655
267,tick,266917.074,1000.115
268,tick,267918.547,1001.473
269,tick,268918.978,1000.431
270,tick,269920.397,1001.418
271,tick,270922.037,1001.640
272,tick,271921.234,999.198
273,tick,272922.181,1000.947
274,tick,273922.835,1000.654
275,tick,274924.187,1001.351
276,tick,275925.812,1001.625
277,tick,276925.585,999.774
278,tick,277927.214,1001.629
279,tick,278928.730,1001.516
280,tick,279930.218,1001.488
281,tick,280930.375,1000.156
282,tick,281930.742,1000.367
283,tick,282932.927,1002.185
284,tick,283932.857,999.930
285,tick,284933.672,1000.815
286,tick,285934.456,1000.784
287,tick,286942.785,1008.329
288,tick,287936.992,994.207
289,tick,288937.261,1000.269
290,tick,289937.975,1000.714
291,tick,290938.430,1000.456
292,tick,291940.135,1001.705
293,tick,292941.600,1001.466
294,tick,293943.107,1001.507
295,tick,294944.550,1001.442
296,tick,295945.840,1001.290
297,tick,296946.615,1000.774
298,tick,297946.459,999.844
299,tick,298947.830,1001.371
300,tick,299949.567,1001.737
301,tick,300951.291,1001.724
302,tick,301952.007,1000.716
303,tick,302952.512,1000.505
304,tick,303954.040,1001.528
305,tick,304954.697,1000.657
306,tick,305954.524,999.826
307,tick,306956.145,1001.621
308,tick,307955.936,999.792
309,tick,308956.075,1000.139
310,tick,309957.855,1001.780
311,tick,310959.762,1001.907
312,tick,311960.405,1000.643
313,tick,312962.923,1002.518
314,tick,313964.468,1001.544
315,tick,314966.451,1001.984
316,tick,315968.327,1001.876
317,tick,316970.920,1002.593
318,tick,317972.208,1001.288
319,tick,318972.632,1000.424
320,tick,319974.382,1001.750
321,tick,320974.355,999.972
322,tick,321976.317,1001.963
323,tick,322978.337,1002.020
324,tick,323981.123,1002.786
325,tick,324982.836,1001.713
326,tick,325984.041,1001.205
327,tick,326985.919,1001.878
328,tick,327987.634,1001.715
329,tick,328988.419,1000.785
330,tick,329990.254,1001.835
331,tick,330991.136,1000.882
332,tick,331993.284,1002.148
333,tick,332993.952,1000.668
334,tick,333995.340,1001.387
335,tick,334997.936,1002.596
336,tick,336000.084,1002.148
337,tick,337001.428,1001.344
338,tick,338003.605,1002.177
339,tick,339005.755,1002.151
340,tick,340007.806,1002.050
341,tick,341008.047,1000.241
342,tick,342009.677,1001.631
343,tick,343010.697,1001.019
344,tick,344012.937,1002.241
345,tick,345015.210,1002.273
346,tick,346017.857,1002.647
347,tick,347020.244,1002.387
348,tick,348021.772,1001.528
349,tick,349023.471,1001.699
350,tick,350026.034,1002.563
351,tick,351027.758,1001.724
352,tick,352029.721,1001.964
353,tick,353031.999,1002.278
354,tick,354034.000,1002.000
355,tick,355036.921,1002.921
356,tick,356038.873,1001.952
357,tick,357039.593,1000.721
358,tick,358041.815,1002.222
359,tick,359043.939,1002.123
360,tick,360045.662,1001.723
361,tick,361046.577,1000.915
362,tick,362048.533,1001.956
363,tick,363050.949,1002.416
364,tick,364050.709,999.760
365,tick,365052.766,1002.056
366,tick,366054.782,1002.017
367,tick,367057.097,1002.315
368,tick,368058.739,1001.642
369,tick,369060.357,1001.618
370,tick,370062.749,1002.392
371,tick,371064.132,1001.383
372,tick,372066.398,1002.266
373,tick,373067.770,1001.372
374,tick,374069.388,1001.618
375,tick,375070.251,1000.863
376,tick,376071.484,1001.234
377,tick,377073.546,1002.062
378,tick,378075.167,1001.621
379,tick,379077.731,1002.564
380,tick,380079.817,1002.086
381,tick,381081.955,1002.139
382,tick,382082.604,1000.649
383,tick,383083.113,1000.509
384,tick,384085.785,1002.671
385,tick,385087.802,1002.018
386,tick,386088.095,1000.293
387,tick,387089.412,1001.317
388,tick,388090.190,1000.778
389,tick,389091.550,1001.360
390,tick,390094.809,1003.259
391,tick,391096.803,1001.994
392,tick,392099.313,1002.510
393,tick,393100.520,1001.207
394,tick,394102.844,1002.323
395,tick,395105.038,1002.194
396,tick,396105.889,1000.851
397,tick,397107.057,1001.168
398,tick,398109.682,1002.625
399,tick,399110.697,1001.015
400,tick,400112.481,1001.784
401,tick,401114.286,1001.806
402,tick,402116.772,1002.485
403,tick,403117.743,1000.971
404,tick,404119.292,1001.549
405,tick,405121.798,1002.506
406,tick,406123.821,1002.022
407,tick,407124.698,1000.877
408,tick,408126.395,1001.697
409,tick,409129.040,1002.645
410,tick,410130.625,1001.586
411,tick,411131.314,1000.689
412,tick,412133.286,1001.971
413,tick,413135.780,1002.494
414,tick,414137.584,1001.805
415,tick,415139.597,1002.013
416,tick,416141.944,1002.346
417,tick,417143.849,1001.906
418,tick,418146.031,1002.181
419,tick,419147.315,1001.284
420,tick,420149.295,1001.980
421,tick,421151.991,1002.696
422,tick,422153.849,1001.858
423,tick,423156.046,1002.197
424,tick,424157.818,1001.772
425,tick,425160.025,1002.208
426,tick,426161.738,1001.713
427,tick,427162.686,1000.948
428,tick,428164.742,1002.056
429,tick,429166.884,1002.142
430,tick,430169.033,1002.149
431,tick,431170.254,1001.220
432,tick,432172.373,1002.119
433,tick,433174.490,1002.117
434,tick,434176.445,1001.955
435,tick,435178.590,1002.145
436,tick,436180.445,1001.854
437,tick,437182.563,1002.118
438,tick,438185.140,1002.578
439,tick,439187.376,1002.236
440,tick,440189.473,1002.097
441,tick,441190.501,1001.027
442,tick,442192.519,1002.018
443,tick,443194.637,1002.118
444,tick,444196.350,1001.713
445,tick,445198.372,1002.023
446,tick,446200.648,1002.276
447,tick,447202.222,1001.574
448,tick,448204.954,1002.732
449,tick,449206.791,1001.836
450,tick,450208.733,1001.942
451,tick,451209.219,1000.486
452,tick,452210.656,1001.437
453,tick,453213.079,1002.423
454,tick,454215.698,1002.619
455,tick,455217.036,1001.338
456,tick,456218.310,1001.274
457,tick,457220.281,1001.972
458,tick,458222.157,1001.875
459,tick,459223.743,1001.586
460,tick,460226.141,1002.398
461,tick,461228.000,1001.859
462,tick,462229.044,1001.044
463,tick,463230.689,1001.645
464,tick,464232.694,1002.005
465,tick,465234.514,1001.819
466,tick,466236.500,1001.986
467,tick,467238.272,1001.772
468,tick,468240.104,1001.832
469,tick,469240.961,1000.857
470,tick,470242.809,1001.848
471,tick,471244.209,1001.400
472,tick,472246.441,1002.231
473,tick,473248.826,1002.385
474,tick,474250.844,1002.018
475,tick,475252.400,1001.556
476,tick,476253.425,1001.026
477,tick,477256.325,1002.900
478,tick,478258.687,1002.361
479,tick,479260.636,1001.949
480,tick,480262.966,1002.330
481,tick,481264.533,1001.567
482,tick,482266.705,1002.171
483,tick,483268.611,1001.906
484,tick,484270.407,1001.797
485,tick,485272.995,1002.588
486,tick,486274.779,1001.784
487,tick,487274.498,999.719
488,tick,488275.321,1000.823
489,tick,489277.090,1001.769
490,tick,490279.866,1002.776
491,tick,491283.169,1003.304
492,tick,492285.610,1002.441
493,tick,493287.937,1002.327
494,tick,494289.472,1001.534
495,tick,495291.980,1002.509
496,tick,496294.045,1002.065
497,tick,497295.337,1001.293
498,tick,498296.118,1000.781
499,tick,499296.565,1000.447
500,tick,500297.493,1000.928
501,tick,501300.349,1002.856
502,tick,502302.947,1002.598
503,tick,503304.452,1001.505
504,tick,504306.035,1001.584
505,tick,505307.275,1001.240
506,tick,506309.408,1002.133
507,tick,507312.126,1002.718
508,tick,508313.454,1001.327
509,tick,509316.616,1003.163
510,tick,510317.349,1000.732
511,tick,511319.572,1002.223
512,tick,512321.418,1001.847
513,tick,513323.749,1002.331
514,tick,514324.457,1000.708
515,tick,515326.871,1002.414
516,tick,516328.738,1001.867
517,tick,517328.220,999.482
518,tick,518330.590,1002.370
519,tick,519332.172,1001.582
520,tick,520334.517,1002.345
521,tick,521336.434,1001.917
522,tick,522338.494,1002.060
523,tick,523340.748,1002.254
524,tick,524341.402,1000.654
525,tick,525343.317,1001.915
526,tick,526345.288,1001.971
527,tick,527347.700,1002.412
528,tick,528348.202,1000.501
529,tick,529350.733,1002.532
530,tick,530352.573,1001.840
531,tick,531354.459,1001.886
532,tick,532356.426,1001.967
533,tick,533357.630,1001.204
534,tick,534359.238,1001.608
535,tick,535361.203,1001.965
536,tick,536362.880,1001.677
537,tick,537365.640,1002.760
538,tick,538367.190,1001.551
539,tick,539369.170,1001.979
540,tick,540369.032,999.862
541,tick,541371.600,1002.569
542,tick,542372.928,1001.328
543,tick,543375.134,1002.206
544,tick,544376.931,1001.796
545,tick,545379.239,1002.308
546,tick,546381.481,1002.243
547,tick,547383.462,1001.981
548,tick,548385.336,1001.874
549,tick,549386.511,1001.175
550,tick,550388.623,1002.111
551,tick,551390.406,1001.784
552,tick,552393.019,1002.613
553,tick,553395.861,1002.842
554,tick,554397.632,1001.771
555,tick,555398.334,1000.702
556,tick,556400.456,1002.122
557,tick,557402.134,1001.679
558,tick,558404.377,1002.242
559,tick,559406.294,1001.918
560,tick,560408.186,1001.892
561,tick,561409.981,1001.795
562,tick,562412.687,1002.706
563,tick,563414.845,1002.158
564,tick,564417.978,1003.133
565,tick,565419.744,1001.766
566,tick,566420.002,1000.258
567,tick,567421.712,1001.710
568,tick,568424.273,1002.561
569,tick,569426.912,1002.639
570,tick,570428.557,1001.644
571,tick,571430.276,1001.720
572,tick,572432.271,1001.995
573,tick,573433.257,1000.986
574,tick,574434.922,1001.665
575,tick,575436.366,1001.444
576,tick,576437.069,1000.703
577,tick,577438.530,1001.461
578,tick,578440.528,1001.998
579,tick,579442.311,1001.783
580,tick,580444.207,1001.896
581,tick,581446.957,1002.750
582,tick,582447.267,1000.310
583,tick,583449.078,1001.810
584,tick,584451.457,1002.380
585,tick,585454.050,1002.592
586,tick,586455.275,1001.225
587,tick,587457.872,1002.597
588,tick,588459.368,1001.497
589,tick,589460.463,1001.094
590,tick,590461.687,1001.224
591,tick,591461.942,1000.256
592,tick,592464.216,1002.274
593,tick,593465.614,1001.398
594,tick,594465.958,1000.344
595,tick,595466.653,1000.695
596,tick,596468.560,1001.907
597,tick,597470.488,1001.928
598,tick,598470.806,1000.318
599,tick,599472.471,1001.665
600,tick,600474.445,1001.974
